OrderID,OrderDate,CustomerName,Region,City,Category,Product,Quantity,UnitPrice,Discount,Sales,Profit,ShipMode
1001,2025-03-13,Sara Fernandes,North,Delhi,Clothing,Jeans,9,2028,0,18252,7785.87,Express
1002,2025-11-29,Rohan Gupta,South,Coimbatore,Electronics,Tablet,7,15946,0.2,89297.6,20777.31,Express
1003,2025-03-21,Aditya Rao,South,Coimbatore,Stationery,Backpack,6,248,0,1488,354.33,Standard
1004,2025-07-13,Isha Nair,East,Kolkata,Stationery,Calculator,5,790,0.1,3555.0,1428.85,Standard
1005,2025-04-30,Ananya Reddy,North,Delhi,Furniture,Study Table,7,16057,0,112399,40177.56,Express
1006,2025-11-22,Riya Chatterjee,South,Coimbatore,Clothing,T-Shirt,4,1854,0.15,6303.6,1752.15,Standard
1007,2025-01-17,Sara Fernandes,South,Coimbatore,Clothing,T-Shirt,7,1164,0,8148,2331.47,Express
1008,2025-03-13,Aditya Rao,West,Ahmedabad,Stationery,Pen Set,9,927,0.1,7508.7,2629.17,Standard
1009,2025-02-26,Vivaan Iyer,South,Chennai,Stationery,Notebook,3,180,0.05,513.0,181.91,Standard
1010,2025-12-15,Aarav Sharma,West,Ahmedabad,Clothing,Cap,9,3448,0,31032,11687.43,Express
1011,2025-04-02,Siddharth Bose,South,Bengaluru,Electronics,Headphones,2,58550,0.1,105390.0,42184.69,Standard
1012,2025-09-08,Arjun Verma,East,Kolkata,Electronics,Tablet,6,59087,0,354522,81716.47,Standard
1013,2025-03-06,Anika Joshi,North,Delhi,Stationery,Notebook,8,1130,0.2,7232.0,2157.68,Standard
1014,2025-12-10,Karan Mehta,South,Coimbatore,Furniture,Study Table,8,15994,0,127952,55530.34,Express
1015,2025-01-04,Sara Fernandes,North,Lucknow,Furniture,Bed,1,3408,0,3408,1095.54,Standard
1016,2025-03-09,Anika Joshi,East,Patna,Stationery,Pen Set,10,1018,0.2,8144.0,2836.03,Express
1017,2025-07-30,Trisha Pillai,North,Delhi,Stationery,Backpack,1,251,0,251,87.69,Standard
1018,2025-10-02,Rohan Gupta,East,Kolkata,Furniture,Bookshelf,7,10327,0.2,57831.2,12675.65,Standard
1019,2025-01-08,Anika Joshi,West,Ahmedabad,Electronics,Laptop,4,12399,0,49596,11597.4,Same Day
1020,2025-05-16,Karan Mehta,North,Delhi,Stationery,Notebook,8,1188,0.15,8078.4,2184.38,Same Day
1021,2025-10-24,Vivaan Iyer,South,Chennai,Clothing,Jeans,1,534,0.1,480.6,158.98,Express
1022,2025-11-01,Ananya Reddy,South,Chennai,Electronics,Smartphone,4,27961,0.1,100659.6,30335.8,Standard
1023,2025-12-09,Rohan Gupta,North,Chandigarh,Clothing,Jacket,4,836,0.05,3176.8,1178.45,Express
1024,2025-02-21,Devansh Kapoor,North,Delhi,Stationery,Calculator,4,764,0,3056,703.44,Standard
1025,2025-12-27,Anika Joshi,East,Bhubaneswar,Furniture,Sofa,9,23084,0.15,176592.6,74893.52,Standard
1026,2025-03-21,Anika Joshi,South,Bengaluru,Electronics,Laptop,10,15303,0.15,130075.5,37909.27,Standard
1027,2025-02-17,Vivaan Iyer,East,Patna,Stationery,Backpack,5,317,0.15,1347.25,276.25,Express
1028,2025-10-15,Trisha Pillai,South,Coimbatore,Stationery,Calculator,2,1167,0,2334,563.31,Standard
1029,2025-07-06,Diya Menon,South,Bengaluru,Furniture,Office Chair,1,8083,0.15,6870.55,2915.19,Express
1030,2025-04-01,Meera Pillai,West,Ahmedabad,Furniture,Bookshelf,1,12085,0,12085,4957.27,Express
1031,2025-04-13,Sara Fernandes,North,Chandigarh,Electronics,Smartwatch,8,24415,0,195320,55664.58,Express
1032,2025-06-29,Aditya Rao,West,Pune,Clothing,T-Shirt,7,1656,0,11592,2674.74,Express
1033,2025-11-02,Isha Nair,East,Kolkata,Clothing,T-Shirt,6,2394,0.05,13645.8,3071.99,Standard
1034,2025-09-24,Aarav Sharma,South,Bengaluru,Electronics,Smartwatch,9,46513,0,418617,143240.54,Same Day
1035,2025-09-17,Diya Menon,East,Patna,Clothing,T-Shirt,7,3155,0.1,19876.5,8311.92,Standard
1036,2025-10-19,Riya Chatterjee,West,Ahmedabad,Stationery,Pen Set,9,637,0,5733,1963.71,Standard
1037,2025-09-19,Rohan Gupta,East,Bhubaneswar,Stationery,Marker Set,3,1105,0.15,2817.75,822.12,Standard
1038,2025-04-12,Sara Fernandes,East,Kolkata,Furniture,Study Table,1,16769,0.05,15930.55,5518.18,Standard
1039,2025-05-05,Karan Mehta,South,Coimbatore,Stationery,Marker Set,1,920,0,920,373.55,Standard
1040,2025-03-10,Yash Malhotra,West,Mumbai,Furniture,Office Chair,9,20711,0.1,167759.1,41310.41,Express
1041,2025-08-19,Neha Krishnan,West,Ahmedabad,Stationery,Pen Set,4,1117,0.05,4244.6,1245.0,Standard
1042,2025-05-20,Sara Fernandes,East,Bhubaneswar,Electronics,Headphones,9,6780,0.05,57969.0,16029.16,Standard
1043,2025-10-05,Arjun Verma,South,Chennai,Stationery,Marker Set,1,90,0.2,72.0,16.55,Standard
1044,2025-07-19,Diya Menon,West,Pune,Electronics,Headphones,7,36772,0.05,244533.8,96626.21,Express
1045,2025-12-09,Arjun Verma,West,Pune,Electronics,Smartwatch,7,48959,0.1,308441.7,97612.26,Express
1046,2025-03-11,Trisha Pillai,West,Ahmedabad,Electronics,Laptop,3,4795,0,14385,4838.04,Express
1047,2025-02-11,Aditya Rao,East,Bhubaneswar,Clothing,Shoes,9,1218,0.2,8769.6,1847.57,Standard
1048,2025-11-15,Aarav Sharma,North,Delhi,Furniture,Bookshelf,3,23136,0.05,65937.6,18141.66,Standard
1049,2025-02-25,Diya Menon,East,Kolkata,Electronics,Smartphone,5,39235,0.15,166748.75,66769.13,Standard
1050,2025-10-17,Isha Nair,South,Chennai,Clothing,Cap,6,3009,0,18054,5840.65,Express
1051,2025-08-10,Isha Nair,East,Kolkata,Stationery,Marker Set,8,410,0.15,2788.0,890.94,Same Day
1052,2025-10-31,Trisha Pillai,East,Patna,Stationery,Marker Set,4,973,0,3892,1021.19,Standard
1053,2025-04-04,Arjun Verma,West,Pune,Electronics,Smartwatch,6,53786,0.1,290444.4,79786.26,Standard
1054,2025-02-13,Rohan Gupta,East,Patna,Electronics,Tablet,7,33519,0.15,199438.05,66009.35,Standard
1055,2025-04-24,Diya Menon,West,Pune,Electronics,Laptop,4,21567,0.05,81954.6,25539.66,Standard
1056,2025-05-19,Yash Malhotra,East,Bhubaneswar,Clothing,Jacket,4,1088,0,4352,1150.15,Standard
1057,2025-10-29,Aditya Rao,South,Chennai,Furniture,Sofa,9,10473,0,94257,37055.18,Same Day
1058,2025-05-21,Kabir Singh,South,Bengaluru,Electronics,Tablet,1,37764,0.15,32099.4,7475.46,Standard
1059,2025-08-29,Diya Menon,West,Mumbai,Electronics,Tablet,6,13582,0,81492,19922.44,Standard
1060,2025-03-19,Vivaan Iyer,West,Pune,Electronics,Tablet,10,21412,0.1,192708.0,49890.01,Standard
1061,2025-06-02,Yash Malhotra,South,Coimbatore,Stationery,Marker Set,7,173,0.1,1089.9,228.85,Express
1062,2025-03-22,Ananya Reddy,North,Delhi,Furniture,Study Table,9,6329,0.05,54112.95,15024.85,Standard
1063,2025-12-28,Diya Menon,West,Pune,Electronics,Smartphone,8,6164,0.2,39449.6,9948.72,Standard
1064,2025-11-28,Sara Fernandes,South,Bengaluru,Electronics,Tablet,5,55674,0,278370,70105.5,Standard
1065,2025-12-25,Diya Menon,East,Bhubaneswar,Electronics,Smartwatch,5,34298,0,171490,51531.17,Standard
1066,2025-01-14,Aditya Rao,West,Ahmedabad,Clothing,Cap,10,3432,0.1,30888.0,13588.93,Standard
1067,2025-10-27,Meera Pillai,South,Bengaluru,Stationery,Backpack,8,886,0,7088,2620.68,Standard
1068,2025-05-28,Neha Krishnan,North,Delhi,Clothing,Shoes,7,450,0,3150,1169.82,Express
1069,2025-12-03,Aarav Sharma,East,Kolkata,Stationery,Calculator,8,1111,0,8888,2616.11,Express
1070,2025-05-17,Rohan Gupta,West,Ahmedabad,Stationery,Notebook,5,298,0,1490,308.0,Standard
1071,2025-01-08,Anika Joshi,South,Coimbatore,Furniture,Study Table,2,4917,0.15,8358.9,2022.55,Standard
1072,2025-08-01,Aditya Rao,West,Ahmedabad,Clothing,Cap,8,2557,0.05,19433.2,7818.9,Express
1073,2025-09-17,Arjun Verma,South,Chennai,Clothing,Shoes,1,1522,0.2,1217.6,502.69,Standard
1074,2025-07-13,Anika Joshi,West,Pune,Clothing,Cap,6,3156,0.1,17042.4,6037.39,Standard
1075,2025-07-17,Karan Mehta,West,Mumbai,Clothing,Shoes,3,817,0.1,2205.9,809.57,Same Day
1076,2025-01-08,Yash Malhotra,North,Chandigarh,Electronics,Tablet,7,58577,0.05,389537.05,99183.41,Express
1077,2025-12-12,Arjun Verma,East,Bhubaneswar,Stationery,Notebook,7,1049,0.2,5874.4,1848.94,Express
1078,2025-08-11,Ananya Reddy,North,Delhi,Clothing,Jeans,2,3142,0,6284,2755.55,Same Day
1079,2025-03-16,Trisha Pillai,North,Chandigarh,Clothing,Jacket,7,1037,0,7259,3123.24,Standard
1080,2025-03-15,Devansh Kapoor,West,Ahmedabad,Furniture,Sofa,5,9566,0.2,38264.0,12768.19,Standard
